{
    "loss": 1.8345911502838135,
    "accuracy": 0.11566681414842606
}